{
  "IcoMoonType": "selection",
  "icons": [
    {
      "icon": {
        "paths": [
          "M868.848 429.251h-744.727",
          "M868.848 263.758h-744.727",
          "M868.848 594.749h-744.727",
          "M868.848 760.242h-744.727"
        ],
        "attrs": [
          {
            "fill": "none",
            "strokeLinejoin": "round",
            "strokeLinecap": "round",
            "strokeMiterlimit": "4",
            "strokeWidth": 62.06060606060606
          },
          {
            "fill": "none",
            "strokeLinejoin": "round",
            "strokeLinecap": "round",
            "strokeMiterlimit": "4",
            "strokeWidth": 62.06060606060606
          },
          {
            "fill": "none",
            "strokeLinejoin": "round",
            "strokeLinecap": "round",
            "strokeMiterlimit": "4",
            "strokeWidth": 62.06060606060606
          },
          {
            "fill": "none",
            "strokeLinejoin": "round",
            "strokeLinecap": "round",
            "strokeMiterlimit": "4",
            "strokeWidth": 62.06060606060606
          }
        ],
        "width": 993,
        "isMulticolor": false,
        "isMulticolor2": false,
        "grid": 0,
        "tags": [
          "menu"
        ]
      },
      "attrs": [
        {
          "fill": "none",
          "strokeLinejoin": "round",
          "strokeLinecap": "round",
          "strokeMiterlimit": "4",
          "strokeWidth": 62.06060606060606
        },
        {
          "fill": "none",
          "strokeLinejoin": "round",
          "strokeLinecap": "round",
          "strokeMiterlimit": "4",
          "strokeWidth": 62.06060606060606
        },
        {
          "fill": "none",
          "strokeLinejoin": "round",
          "strokeLinecap": "round",
          "strokeMiterlimit": "4",
          "strokeWidth": 62.06060606060606
        },
        {
          "fill": "none",
          "strokeLinejoin": "round",
          "strokeLinecap": "round",
          "strokeMiterlimit": "4",
          "strokeWidth": 62.06060606060606
        }
      ],
      "properties": {
        "order": 3,
        "id": 1,
        "name": "menu",
        "prevSize": 32
      },
      "setIdx": 0,
      "setId": 3,
      "iconIdx": 0
    },
    {
      "icon": {
        "paths": [
          "M204.806 593.92h538.041c41.484 0 62.226 0 78.737-7.733 14.549-6.816 26.771-17.756 35.148-31.457 9.511-15.561 11.801-36.176 16.384-77.406l23.962-215.656c1.401-12.594 2.097-18.891 0.074-23.765-1.778-4.28-4.956-7.831-9.015-10.071-4.62-2.551-10.957-2.551-23.626-2.551h-680.184M81.92 102.4h51.136c10.839 0 16.258 0 20.498 2.061 3.733 1.815 6.826 4.721 8.87 8.333 2.322 4.103 2.66 9.512 3.336 20.33l37.12 593.912c0.676 10.818 1.014 16.228 3.336 20.328 2.044 3.613 5.137 6.521 8.87 8.335 4.24 2.060 9.66 2.060 20.498 2.060h542.656M307.2 901.12h0.41M675.84 901.12h0.41M327.68 901.12c0 11.309-9.169 20.48-20.48 20.48s-20.48-9.171-20.48-20.48c0-11.309 9.169-20.48 20.48-20.48s20.48 9.171 20.48 20.48zM696.32 901.12c0 11.309-9.171 20.48-20.48 20.48s-20.48-9.171-20.48-20.48c0-11.309 9.171-20.48 20.48-20.48s20.48 9.171 20.48 20.48z"
        ],
        "attrs": [
          {
            "fill": "none",
            "strokeLinejoin": "round",
            "strokeLinecap": "round",
            "strokeMiterlimit": "4",
            "strokeWidth": 61.44
          }
        ],
        "width": 983,
        "isMulticolor": false,
        "isMulticolor2": false,
        "grid": 0,
        "tags": [
          "shopping-cart"
        ]
      },
      "attrs": [
        {
          "fill": "none",
          "strokeLinejoin": "round",
          "strokeLinecap": "round",
          "strokeMiterlimit": "4",
          "strokeWidth": 61.44
        }
      ],
      "properties": {
        "order": 4,
        "id": 0,
        "name": "shopping-cart",
        "prevSize": 32
      },
      "setIdx": 0,
      "setId": 3,
      "iconIdx": 1
    },
    {
      "icon": {
        "paths": [
          "M868.848 429.251h-744.727",
          "M868.848 263.758h-744.727",
          "M868.848 594.749h-744.727",
          "M868.848 760.242h-744.727"
        ],
        "attrs": [
          {
            "fill": "none",
            "stroke": "rgb(255, 255, 255)",
            "strokeLinejoin": "round",
            "strokeLinecap": "round",
            "strokeMiterlimit": "4",
            "strokeWidth": 62.06060606060606
          },
          {
            "fill": "none",
            "stroke": "rgb(255, 255, 255)",
            "strokeLinejoin": "round",
            "strokeLinecap": "round",
            "strokeMiterlimit": "4",
            "strokeWidth": 62.06060606060606
          },
          {
            "fill": "none",
            "stroke": "rgb(255, 255, 255)",
            "strokeLinejoin": "round",
            "strokeLinecap": "round",
            "strokeMiterlimit": "4",
            "strokeWidth": 62.06060606060606
          },
          {
            "fill": "none",
            "stroke": "rgb(255, 255, 255)",
            "strokeLinejoin": "round",
            "strokeLinecap": "round",
            "strokeMiterlimit": "4",
            "strokeWidth": 62.06060606060606
          }
        ],
        "width": 993,
        "isMulticolor": false,
        "isMulticolor2": false,
        "grid": 0,
        "tags": [
          "menu-light"
        ],
        "colorPermutations": {
          "12062052051243243243124824824812552552551": [
            {
              "s": 4
            },
            {
              "s": 4
            },
            {
              "s": 4
            },
            {
              "s": 4
            }
          ]
        }
      },
      "attrs": [
        {
          "fill": "none",
          "stroke": "rgb(255, 255, 255)",
          "strokeLinejoin": "round",
          "strokeLinecap": "round",
          "strokeMiterlimit": "4",
          "strokeWidth": 62.06060606060606
        },
        {
          "fill": "none",
          "stroke": "rgb(255, 255, 255)",
          "strokeLinejoin": "round",
          "strokeLinecap": "round",
          "strokeMiterlimit": "4",
          "strokeWidth": 62.06060606060606
        },
        {
          "fill": "none",
          "stroke": "rgb(255, 255, 255)",
          "strokeLinejoin": "round",
          "strokeLinecap": "round",
          "strokeMiterlimit": "4",
          "strokeWidth": 62.06060606060606
        },
        {
          "fill": "none",
          "stroke": "rgb(255, 255, 255)",
          "strokeLinejoin": "round",
          "strokeLinecap": "round",
          "strokeMiterlimit": "4",
          "strokeWidth": 62.06060606060606
        }
      ],
      "properties": {
        "order": 5,
        "id": 9,
        "name": "menu-light",
        "prevSize": 32
      },
      "setIdx": 1,
      "setId": 2,
      "iconIdx": 0
    },
    {
      "icon": {
        "paths": [
          "M868.848 429.251h-744.727",
          "M868.848 263.758h-744.727",
          "M868.848 594.749h-744.727",
          "M868.848 760.242h-744.727"
        ],
        "attrs": [
          {
            "fill": "none",
            "strokeLinejoin": "round",
            "strokeLinecap": "round",
            "strokeMiterlimit": "4",
            "strokeWidth": 62.06060606060606
          },
          {
            "fill": "none",
            "strokeLinejoin": "round",
            "strokeLinecap": "round",
            "strokeMiterlimit": "4",
            "strokeWidth": 62.06060606060606
          },
          {
            "fill": "none",
            "strokeLinejoin": "round",
            "strokeLinecap": "round",
            "strokeMiterlimit": "4",
            "strokeWidth": 62.06060606060606
          },
          {
            "fill": "none",
            "strokeLinejoin": "round",
            "strokeLinecap": "round",
            "strokeMiterlimit": "4",
            "strokeWidth": 62.06060606060606
          }
        ],
        "width": 993,
        "isMulticolor": false,
        "isMulticolor2": false,
        "grid": 0,
        "tags": [
          "menu-dark"
        ],
        "colorPermutations": {
          "12062052051243243243124824824812552552551": [
            {
              "s": 0
            },
            {
              "s": 0
            },
            {
              "s": 0
            },
            {
              "s": 0
            }
          ]
        }
      },
      "attrs": [
        {
          "fill": "none",
          "strokeLinejoin": "round",
          "strokeLinecap": "round",
          "strokeMiterlimit": "4",
          "strokeWidth": 62.06060606060606
        },
        {
          "fill": "none",
          "strokeLinejoin": "round",
          "strokeLinecap": "round",
          "strokeMiterlimit": "4",
          "strokeWidth": 62.06060606060606
        },
        {
          "fill": "none",
          "strokeLinejoin": "round",
          "strokeLinecap": "round",
          "strokeMiterlimit": "4",
          "strokeWidth": 62.06060606060606
        },
        {
          "fill": "none",
          "strokeLinejoin": "round",
          "strokeLinecap": "round",
          "strokeMiterlimit": "4",
          "strokeWidth": 62.06060606060606
        }
      ],
      "properties": {
        "order": 6,
        "id": 10,
        "name": "menu-dark",
        "prevSize": 32
      },
      "setIdx": 1,
      "setId": 2,
      "iconIdx": 1
    },
    {
      "icon": {
        "paths": [
          "M204.806 593.92h538.041c41.484 0 62.226 0 78.737-7.733 14.549-6.816 26.771-17.756 35.148-31.457 9.511-15.561 11.801-36.176 16.384-77.406l23.962-215.656c1.401-12.594 2.097-18.891 0.074-23.765-1.778-4.28-4.956-7.831-9.015-10.071-4.62-2.551-10.957-2.551-23.626-2.551h-680.184M81.92 102.4h51.136c10.839 0 16.258 0 20.498 2.061 3.733 1.815 6.826 4.721 8.87 8.333 2.322 4.103 2.66 9.512 3.336 20.33l37.12 593.912c0.676 10.818 1.014 16.228 3.336 20.328 2.044 3.613 5.137 6.521 8.87 8.335 4.24 2.060 9.66 2.060 20.498 2.060h542.656M307.2 901.12h0.41M675.84 901.12h0.41M327.68 901.12c0 11.309-9.169 20.48-20.48 20.48s-20.48-9.171-20.48-20.48c0-11.309 9.169-20.48 20.48-20.48s20.48 9.171 20.48 20.48zM696.32 901.12c0 11.309-9.171 20.48-20.48 20.48s-20.48-9.171-20.48-20.48c0-11.309 9.171-20.48 20.48-20.48s20.48 9.171 20.48 20.48z"
        ],
        "attrs": [
          {
            "fill": "none",
            "stroke": "rgb(255, 255, 255)",
            "strokeLinejoin": "round",
            "strokeLinecap": "round",
            "strokeMiterlimit": "4",
            "strokeWidth": 61.44
          }
        ],
        "width": 983,
        "isMulticolor": false,
        "isMulticolor2": false,
        "grid": 0,
        "tags": [
          "shopping-cart-light"
        ],
        "colorPermutations": {
          "12062052051243243243124824824812552552551": [
            {
              "s": 4
            }
          ]
        }
      },
      "attrs": [
        {
          "fill": "none",
          "stroke": "rgb(255, 255, 255)",
          "strokeLinejoin": "round",
          "strokeLinecap": "round",
          "strokeMiterlimit": "4",
          "strokeWidth": 61.44
        }
      ],
      "properties": {
        "order": 7,
        "id": 7,
        "name": "shopping-cart-light",
        "prevSize": 32
      },
      "setIdx": 1,
      "setId": 2,
      "iconIdx": 2
    },
    {
      "icon": {
        "paths": [
          "M204.806 593.92h538.041c41.484 0 62.226 0 78.737-7.733 14.549-6.816 26.771-17.756 35.148-31.457 9.511-15.561 11.801-36.176 16.384-77.406l23.962-215.656c1.401-12.594 2.097-18.891 0.074-23.765-1.778-4.28-4.956-7.831-9.015-10.071-4.62-2.551-10.957-2.551-23.626-2.551h-680.184M81.92 102.4h51.136c10.839 0 16.258 0 20.498 2.061 3.733 1.815 6.826 4.721 8.87 8.333 2.322 4.103 2.66 9.512 3.336 20.33l37.12 593.912c0.676 10.818 1.014 16.228 3.336 20.328 2.044 3.613 5.137 6.521 8.87 8.335 4.24 2.060 9.66 2.060 20.498 2.060h542.656M307.2 901.12h0.41M675.84 901.12h0.41M327.68 901.12c0 11.309-9.169 20.48-20.48 20.48s-20.48-9.171-20.48-20.48c0-11.309 9.169-20.48 20.48-20.48s20.48 9.171 20.48 20.48zM696.32 901.12c0 11.309-9.171 20.48-20.48 20.48s-20.48-9.171-20.48-20.48c0-11.309 9.171-20.48 20.48-20.48s20.48 9.171 20.48 20.48z"
        ],
        "attrs": [
          {
            "fill": "none",
            "strokeLinejoin": "round",
            "strokeLinecap": "round",
            "strokeMiterlimit": "4",
            "strokeWidth": 61.44
          }
        ],
        "width": 983,
        "isMulticolor": false,
        "isMulticolor2": false,
        "grid": 0,
        "tags": [
          "shopping-cart-dark"
        ],
        "colorPermutations": {
          "12062052051243243243124824824812552552551": [
            {
              "s": 0
            }
          ]
        }
      },
      "attrs": [
        {
          "fill": "none",
          "strokeLinejoin": "round",
          "strokeLinecap": "round",
          "strokeMiterlimit": "4",
          "strokeWidth": 61.44
        }
      ],
      "properties": {
        "order": 8,
        "id": 8,
        "name": "shopping-cart-dark",
        "prevSize": 32
      },
      "setIdx": 1,
      "setId": 2,
      "iconIdx": 3
    },
    {
      "icon": {
        "paths": [
          "M768 256l-512 512",
          "M256 256l512 512"
        ],
        "attrs": [
          {
            "fill": "none",
            "stroke": "rgb(248, 248, 248)",
            "strokeLinejoin": "round",
            "strokeLinecap": "round",
            "strokeMiterlimit": "4",
            "strokeWidth": 64
          },
          {
            "fill": "none",
            "stroke": "rgb(248, 248, 248)",
            "strokeLinejoin": "round",
            "strokeLinecap": "round",
            "strokeMiterlimit": "4",
            "strokeWidth": 64
          }
        ],
        "isMulticolor": false,
        "isMulticolor2": false,
        "grid": 0,
        "tags": [
          "x-big-light"
        ],
        "colorPermutations": {
          "12062052051243243243124824824812552552551": [
            {
              "s": 3
            },
            {
              "s": 3
            }
          ]
        }
      },
      "attrs": [
        {
          "fill": "none",
          "stroke": "rgb(248, 248, 248)",
          "strokeLinejoin": "round",
          "strokeLinecap": "round",
          "strokeMiterlimit": "4",
          "strokeWidth": 64
        },
        {
          "fill": "none",
          "stroke": "rgb(248, 248, 248)",
          "strokeLinejoin": "round",
          "strokeLinecap": "round",
          "strokeMiterlimit": "4",
          "strokeWidth": 64
        }
      ],
      "properties": {
        "order": 9,
        "id": 1,
        "name": "x-big-light",
        "prevSize": 32
      },
      "setIdx": 1,
      "setId": 2,
      "iconIdx": 4
    },
    {
      "icon": {
        "paths": [
          "M768 256l-512 512",
          "M256 256l512 512"
        ],
        "attrs": [
          {
            "fill": "none",
            "strokeLinejoin": "round",
            "strokeLinecap": "round",
            "strokeMiterlimit": "4",
            "strokeWidth": 92.16000000000001
          },
          {
            "fill": "none",
            "strokeLinejoin": "round",
            "strokeLinecap": "round",
            "strokeMiterlimit": "4",
            "strokeWidth": 92.16000000000001
          }
        ],
        "isMulticolor": false,
        "isMulticolor2": false,
        "grid": 0,
        "tags": [
          "x-small-dark"
        ],
        "colorPermutations": {
          "12062052051243243243124824824812552552551": [
            {
              "s": 0
            },
            {
              "s": 0
            }
          ]
        }
      },
      "attrs": [
        {
          "fill": "none",
          "strokeLinejoin": "round",
          "strokeLinecap": "round",
          "strokeMiterlimit": "4",
          "strokeWidth": 92.16000000000001
        },
        {
          "fill": "none",
          "strokeLinejoin": "round",
          "strokeLinecap": "round",
          "strokeMiterlimit": "4",
          "strokeWidth": 92.16000000000001
        }
      ],
      "properties": {
        "order": 10,
        "id": 0,
        "name": "x-small-dark",
        "prevSize": 32
      },
      "setIdx": 1,
      "setId": 2,
      "iconIdx": 5
    },
    {
      "icon": {
        "paths": [
          "M361.412 220.863h522.039c110.89 0 200.784 89.894 200.784 200.784s-89.894 200.784-200.784 200.784h-522.039c-110.89 0-200.784-89.894-200.784-200.784s89.894-200.784 200.784-200.784z",
          "M1072.18 421.647c0 104.237-84.501 188.737-188.737 188.737s-188.737-84.501-188.737-188.737c0-104.237 84.501-188.737 188.737-188.737s188.737 84.501 188.737 188.737z"
        ],
        "attrs": [
          {
            "fill": "rgb(0, 0, 0)"
          },
          {
            "fill": "rgb(243, 243, 243)"
          }
        ],
        "width": 1526,
        "isMulticolor": true,
        "isMulticolor2": false,
        "grid": 0,
        "tags": [
          "switch-green"
        ],
        "colorPermutations": {
          "12062052051243243243124824824812552552551": [
            {
              "f": 0
            },
            {
              "f": 2
            }
          ]
        }
      },
      "attrs": [
        {
          "fill": "rgb(0, 0, 0)"
        },
        {
          "fill": "rgb(243, 243, 243)"
        }
      ],
      "properties": {
        "order": 11,
        "id": 5,
        "name": "switch-green",
        "prevSize": 32
      },
      "setIdx": 1,
      "setId": 2,
      "iconIdx": 6
    },
    {
      "icon": {
        "paths": [
          "M421.647 220.863h522.039c110.89 0 200.784 89.894 200.784 200.784s-89.894 200.784-200.784 200.784h-522.039c-110.89 0-200.784-89.894-200.784-200.784s89.894-200.784 200.784-200.784z",
          "M610.376 421.649c0 104.237-84.501 188.737-188.737 188.737s-188.737-84.501-188.737-188.737c0-104.237 84.501-188.737 188.737-188.737s188.737 84.501 188.737 188.737z"
        ],
        "attrs": [
          {
            "fill": "rgb(206, 205, 205)"
          },
          {
            "fill": "rgb(248, 248, 248)"
          }
        ],
        "width": 1586,
        "isMulticolor": true,
        "isMulticolor2": false,
        "grid": 0,
        "tags": [
          "switch-grey"
        ],
        "colorPermutations": {
          "12062052051243243243124824824812552552551": [
            {
              "f": 1
            },
            {
              "f": 3
            }
          ]
        }
      },
      "attrs": [
        {
          "fill": "rgb(206, 205, 205)"
        },
        {
          "fill": "rgb(248, 248, 248)"
        }
      ],
      "properties": {
        "order": 12,
        "id": 4,
        "name": "switch-grey",
        "prevSize": 32
      },
      "setIdx": 1,
      "setId": 2,
      "iconIdx": 7
    },
    {
      "icon": {
        "paths": [
          "M622.584 430.082c0 106.321-86.191 192.512-192.512 192.512s-192.512-86.191-192.512-192.512c0-106.321 86.191-192.512 192.512-192.512s192.512 86.191 192.512 192.512z"
        ],
        "attrs": [
          {
            "fill": "rgb(248, 248, 248)"
          }
        ],
        "isMulticolor": false,
        "isMulticolor2": false,
        "grid": 0,
        "tags": [
          "switch-circle"
        ],
        "colorPermutations": {
          "12062052051243243243124824824812552552551": [
            {
              "f": 3
            }
          ]
        }
      },
      "attrs": [
        {
          "fill": "rgb(248, 248, 248)"
        }
      ],
      "properties": {
        "order": 13,
        "id": 6,
        "name": "switch-circle",
        "prevSize": 32
      },
      "setIdx": 1,
      "setId": 2,
      "iconIdx": 8
    },
    {
      "icon": {
        "paths": [
          "M368.64 204.8h532.48c113.108 0 204.8 91.692 204.8 204.8s-91.692 204.8-204.8 204.8h-532.48c-113.108 0-204.8-91.692-204.8-204.8s91.692-204.8 204.8-204.8z"
        ],
        "attrs": [
          {}
        ],
        "width": 1556,
        "isMulticolor": false,
        "isMulticolor2": false,
        "grid": 0,
        "tags": [
          "switch-oval-green"
        ],
        "colorPermutations": {
          "12062052051243243243124824824812552552551": [
            {}
          ]
        }
      },
      "attrs": [
        {}
      ],
      "properties": {
        "order": 14,
        "id": 3,
        "name": "switch-oval-green",
        "prevSize": 32
      },
      "setIdx": 1,
      "setId": 2,
      "iconIdx": 9
    },
    {
      "icon": {
        "paths": [
          "M368.64 204.8h532.48c113.108 0 204.8 91.692 204.8 204.8s-91.692 204.8-204.8 204.8h-532.48c-113.108 0-204.8-91.692-204.8-204.8s91.692-204.8 204.8-204.8z"
        ],
        "attrs": [
          {
            "fill": "rgb(206, 205, 205)"
          }
        ],
        "width": 1556,
        "isMulticolor": false,
        "isMulticolor2": false,
        "grid": 0,
        "tags": [
          "switch-oval-grey"
        ],
        "colorPermutations": {
          "12062052051243243243124824824812552552551": [
            {
              "f": 1
            }
          ]
        }
      },
      "attrs": [
        {
          "fill": "rgb(206, 205, 205)"
        }
      ],
      "properties": {
        "order": 15,
        "id": 2,
        "name": "switch-oval-grey",
        "prevSize": 32
      },
      "setIdx": 1,
      "setId": 2,
      "iconIdx": 10
    }
  ],
  "height": 1024,
  "preferences": {
    "showGlyphs": true,
    "showQuickUse": true,
    "showQuickUse2": true,
    "showSVGs": true,
    "fontPref": {
      "prefix": "icon-",
      "metadata": {
        "fontFamily": "icomoon"
      },
      "metrics": {
        "emSize": 1024,
        "baseline": 6.25,
        "whitespace": 50
      },
      "embed": false
    },
    "imagePref": {
      "prefix": "icon-",
      "png": true,
      "useClassSelector": true,
      "color": 0,
      "bgColor": 16777215,
      "classSelector": ".icon",
      "name": "icomoon"
    },
    "historySize": 50,
    "showCodes": true,
    "gridSize": 16
  }
}